# novice phrase	legal terms (;-separated). Keyword side only. Curated from Ontario injury-law vocabulary, not from gold questions.
sue	proceeding; action; claim
suing	proceeding; action; claim
lawsuit	proceeding; action
time limit	limitation period
deadline	limitation period; notice
how long	limitation period
too late	limitation period; expiry
car accident	motor vehicle; automobile; accident benefits
car crash	motor vehicle; collision
hit by a car	motor vehicle; pedestrian
slip and fall	occupier; premises
slipped	occupier; snow or ice
tripped	occupier; repair
fell	occupier; premises
store owner	occupier
property owner	occupier
landlord	occupier
dog bite	dog; bite or attack
bit me	bite or attack
city	municipality
sidewalk	highway; sidewalk
pothole	repair; highway
partly to blame	contributory negligence; fault or negligence
my fault	contributory negligence; fault
blame	fault; negligence
hurt at work	worker; employer; workplace safety and insurance
work injury	worker; workplace safety and insurance
insurance company	insurer
benefits denied	licence appeal tribunal; dispute
refused my benefits	licence appeal tribunal; dispute
pain and suffering	non-pecuniary; damages
compensation	damages
money	damages
permanent injury	permanent serious impairment
threshold	permanent serious impairment; disfigurement
deductible	reduce; damages
kid	minor
child	minor
under 18	minor
incapable	litigation guardian
court papers	statement of claim; originating process
serve	service
start a lawsuit	commence; statement of claim
family member	spouse; child; parent
wife	spouse
husband	spouse
died	death
killed	death
mediation	mediator
settle	settlement
trespasser	trespass
hiking	recreational; trail
farm	agricultural; rural premises
owner of the car	owner; consent
